movie_id,movie_title,title_year,movie_imdb_link,movie_imdb_id
1,The Shawshank Redemption,1994,http://www.imdb.com/title/tt0111161/?ref_=fn_tt_tt_1,tt0111161
3,Inception,2010,http://www.imdb.com/title/tt1375666/?ref_=fn_tt_tt_1,tt1375666
4,Fight Club,1999,http://www.imdb.com/title/tt0137523/?ref_=fn_tt_tt_1,tt0137523
5,Interstellar,2014,http://www.imdb.com/title/tt0816692/?ref_=fn_tt_tt_1,tt0816692
6,Forrest Gump,1994,http://www.imdb.com/title/tt0109830/?ref_=fn_tt_tt_1,tt0109830
7,Pulp Fiction,1994,http://www.imdb.com/title/tt0110912/?ref_=fn_tt_tt_1,tt0110912
8,The Matrix,1999,http://www.imdb.com/title/tt0133093/?ref_=fn_tt_tt_1,tt0133093
9,The Godfather,1972,http://www.imdb.com/title/tt0068646/?ref_=fn_tt_tt_1,tt0068646
15,Django Unchained,2012,http://www.imdb.com/title/tt1853728/?ref_=fn_tt_tt_1,tt1853728
16,Gladiator,2000,http://www.imdb.com/title/tt0172495/?ref_=fn_tt_tt_1,tt0172495
17,The Wolf of Wall Street,2013,http://www.imdb.com/title/tt0993846/?ref_=fn_tt_tt_1,tt0993846
18,Inglourious Basterds,2009,http://www.imdb.com/title/tt0361748/?ref_=fn_tt_tt_1,tt0361748
19,The Silence of the Lambs,1991,http://www.imdb.com/title/tt0102926/?ref_=fn_tt_tt_1,tt0102926
21,Joker,2019,http://www.imdb.com/title/tt7286456/?ref_=fn_tt_tt_1,tt7286456
22,Shutter Island,2010,http://www.imdb.com/title/tt1130884/?ref_=fn_tt_tt_1,tt1130884
23,Saving Private Ryan,1998,http://www.imdb.com/title/tt0120815/?ref_=fn_tt_tt_1,tt0120815
24,The Prestige,2006,http://www.imdb.com/title/tt0482571/?ref_=fn_tt_tt_1,tt0482571
25,Schindler's List,1993,http://www.imdb.com/title/tt0108052/?ref_=fn_tt_tt_1,tt0108052
27,The Green Mile,1999,http://www.imdb.com/title/tt0120689/?ref_=fn_tt_tt_1,tt0120689
29,The Departed,2006,http://www.imdb.com/title/tt0407887/?ref_=fn_tt_tt_1,tt0407887
31,Avatar,2009,http://www.imdb.com/title/tt0499549/?ref_=fn_tt_tt_1,tt0499549
35,Memento,2000,http://www.imdb.com/title/tt0209144/?ref_=fn_tt_tt_1,tt0209144
36,Titanic,1997,http://www.imdb.com/title/tt0120338/?ref_=fn_tt_tt_1,tt0120338
37,GoodFellas,1990,http://www.imdb.com/title/tt0099685/?ref_=fn_tt_tt_1,tt0099685
38,The Truman Show,1998,http://www.imdb.com/title/tt0120382/?ref_=fn_tt_tt_1,tt0120382
41,Léon: The Professional,1994,http://www.imdb.com/title/tt0110413/?ref_=fn_tt_tt_1,tt0110413
43,WALL·E,2008,http://www.imdb.com/title/tt0910970/?ref_=fn_tt_tt_1,tt0910970
46,American Beauty,1999,http://www.imdb.com/title/tt0169547/?ref_=fn_tt_tt_1,tt0169547
47,American History X,1998,http://www.imdb.com/title/tt0120586/?ref_=fn_tt_tt_1,tt0120586
48,The Lion King,1994,http://www.imdb.com/title/tt0110357/?ref_=fn_tt_tt_1,tt0110357
50,V for Vendetta,2005,http://www.imdb.com/title/tt0434409/?ref_=fn_tt_tt_1,tt0434409
51,The Usual Suspects,1995,http://www.imdb.com/title/tt0114814/?ref_=fn_tt_tt_1,tt0114814
52,Catch Me If You Can,2002,http://www.imdb.com/title/tt0264464/?ref_=fn_tt_tt_1,tt0264464
53,Up,2009,http://www.imdb.com/title/tt1049413/?ref_=fn_tt_tt_1,tt1049413
54,The Shining,1980,http://www.imdb.com/title/tt0081505/?ref_=fn_tt_tt_1,tt0081505
56,Good Will Hunting,1997,http://www.imdb.com/title/tt0119217/?ref_=fn_tt_tt_1,tt0119217
58,Finding Nemo,2003,http://www.imdb.com/title/tt0266543/?ref_=fn_tt_tt_1,tt0266543
59,Mad Max: Fury Road,2015,http://www.imdb.com/title/tt1392190/?ref_=fn_tt_tt_1,tt1392190
60,No Country for Old Men,2007,http://www.imdb.com/title/tt0477348/?ref_=fn_tt_tt_1,tt0477348
61,Eternal Sunshine of the Spotless Mind,2004,http://www.imdb.com/title/tt0338013/?ref_=fn_tt_tt_1,tt0338013
62,Jurassic Park,1993,http://www.imdb.com/title/tt0107290/?ref_=fn_tt_tt_1,tt0107290
63,Toy Story,1995,http://www.imdb.com/title/tt0114709/?ref_=fn_tt_tt_1,tt0114709
64,Reservoir Dogs,1992,http://www.imdb.com/title/tt0105236/?ref_=fn_tt_tt_1,tt0105236
65,Gone Girl,2014,http://www.imdb.com/title/tt2267998/?ref_=fn_tt_tt_1,tt2267998
66,Parasite,2019,http://www.imdb.com/title/tt6751668/?ref_=fn_tt_tt_1,tt6751668
67,Braveheart,1995,http://www.imdb.com/title/tt0112573/?ref_=fn_tt_tt_1,tt0112573
68,One Flew Over the Cuckoo's Nest,1975,http://www.imdb.com/title/tt0073486/?ref_=fn_tt_tt_1,tt0073486
69,Whiplash,2014,http://www.imdb.com/title/tt2582802/?ref_=fn_tt_tt_1,tt2582802
70,The Sixth Sense,1999,http://www.imdb.com/title/tt0167404/?ref_=fn_tt_tt_1,tt0167404
71,Raiders of the Lost Ark,1981,http://www.imdb.com/title/tt0082971/?ref_=fn_tt_tt_1,tt0082971
74,Alien,1979,http://www.imdb.com/title/tt0078748/?ref_=fn_tt_tt_1,tt0078748
75,A Beautiful Mind,2001,http://www.imdb.com/title/tt0268978/?ref_=fn_tt_tt_1,tt0268978
78,Die Hard,1988,http://www.imdb.com/title/tt0095016/?ref_=fn_tt_tt_1,tt0095016
79,The Intouchables,2011,http://www.imdb.com/title/tt1675434/?ref_=fn_tt_tt_1,tt1675434
80,Taxi Driver,1976,http://www.imdb.com/title/tt0075314/?ref_=fn_tt_tt_1,tt0075314
82,Oppenheimer,2023,http://www.imdb.com/title/tt15398776/?ref_=fn_tt_tt_1,tt15398776
84,Scarface,1983,http://www.imdb.com/title/tt0086250/?ref_=fn_tt_tt_1,tt0086250
85,The Pianist,2002,http://www.imdb.com/title/tt0253474/?ref_=fn_tt_tt_1,tt0253474
86,The Martian,2015,http://www.imdb.com/title/tt3659388/?ref_=fn_tt_tt_1,tt3659388
89,12 Angry Men,1957,http://www.imdb.com/title/tt0050083/?ref_=fn_tt_tt_1,tt0050083
90,Snatch,2000,http://www.imdb.com/title/tt0208092/?ref_=fn_tt_tt_1,tt0208092
91,Requiem for a Dream,2000,http://www.imdb.com/title/tt0180093/?ref_=fn_tt_tt_1,tt0180093
93,The Grand Budapest Hotel,2014,http://www.imdb.com/title/tt2278388/?ref_=fn_tt_tt_1,tt2278388
97,Spirited Away,2001,http://www.imdb.com/title/tt0245429/?ref_=fn_tt_tt_1,tt0245429
100,Once Upon a Time... in Hollywood,2019,http://www.imdb.com/title/tt7131622/?ref_=fn_tt_tt_1,tt7131622
103,Ratatouille,2007,http://www.imdb.com/title/tt0382932/?ref_=fn_tt_tt_1,tt0382932
105,A Clockwork Orange,1971,http://www.imdb.com/title/tt0066921/?ref_=fn_tt_tt_1,tt0066921
106,Prisoners,2013,http://www.imdb.com/title/tt1392214/?ref_=fn_tt_tt_1,tt1392214
107,The Hangover,2009,http://www.imdb.com/title/tt1119646/?ref_=fn_tt_tt_1,tt1119646
113,The Big Lebowski,1998,http://www.imdb.com/title/tt0118715/?ref_=fn_tt_tt_1,tt0118715
114,Inside Out,2015,http://www.imdb.com/title/tt2096673/?ref_=fn_tt_tt_1,tt2096673
116,Donnie Darko,2001,http://www.imdb.com/title/tt0246578/?ref_=fn_tt_tt_1,tt0246578
117,Slumdog Millionaire,2008,http://www.imdb.com/title/tt1010048/?ref_=fn_tt_tt_1,tt1010048
124,Black Swan,2010,http://www.imdb.com/title/tt0947798/?ref_=fn_tt_tt_1,tt0947798
125,Blade Runner,1982,http://www.imdb.com/title/tt0083658/?ref_=fn_tt_tt_1,tt0083658
127,The Imitation Game,2014,http://www.imdb.com/title/tt2084970/?ref_=fn_tt_tt_1,tt2084970
128,I Am Legend,2007,http://www.imdb.com/title/tt0480249/?ref_=fn_tt_tt_1,tt0480249
129,Knives Out,2019,http://www.imdb.com/title/tt8946378/?ref_=fn_tt_tt_1,tt8946378
130,City of God,2002,http://www.imdb.com/title/tt0317248/?ref_=fn_tt_tt_1,tt0317248
134,Arrival,2016,http://www.imdb.com/title/tt2543164/?ref_=fn_tt_tt_1,tt2543164
135,Gran Torino,2008,http://www.imdb.com/title/tt1205489/?ref_=fn_tt_tt_1,tt1205489
137,Full Metal Jacket,1987,http://www.imdb.com/title/tt0093058/?ref_=fn_tt_tt_1,tt0093058
139,Amélie,2001,http://www.imdb.com/title/tt0211915/?ref_=fn_tt_tt_1,tt0211915
140,American Psycho,2000,http://www.imdb.com/title/tt0144084/?ref_=fn_tt_tt_1,tt0144084
142,John Wick,2014,http://www.imdb.com/title/tt2911666/?ref_=fn_tt_tt_1,tt2911666
144,Sin City,2005,http://www.imdb.com/title/tt0401792/?ref_=fn_tt_tt_1,tt0401792
146,The Social Network,2010,http://www.imdb.com/title/tt1285016/?ref_=fn_tt_tt_1,tt1285016
147,Get Out,2017,http://www.imdb.com/title/tt5052448/?ref_=fn_tt_tt_1,tt5052448
148,Life Is Beautiful,1997,http://www.imdb.com/title/tt0118799/?ref_=fn_tt_tt_1,tt0118799
149,Shrek,2001,http://www.imdb.com/title/tt0126029/?ref_=fn_tt_tt_1,tt0126029
150,Dunkirk,2017,http://www.imdb.com/title/tt5013056/?ref_=fn_tt_tt_1,tt5013056
151,Edge of Tomorrow,2014,http://www.imdb.com/title/tt1631867/?ref_=fn_tt_tt_1,tt1631867
152,Heat,1995,http://www.imdb.com/title/tt0113277/?ref_=fn_tt_tt_1,tt0113277
155,Fargo,1996,http://www.imdb.com/title/tt0116282/?ref_=fn_tt_tt_1,tt0116282
157,12 Years a Slave,2013,http://www.imdb.com/title/tt2024544/?ref_=fn_tt_tt_1,tt2024544
158,Psycho,1960,http://www.imdb.com/title/tt0054215/?ref_=fn_tt_tt_1,tt0054215
160,2001: A Space Odyssey,1968,http://www.imdb.com/title/tt0062622/?ref_=fn_tt_tt_1,tt0062622
165,Silver Linings Playbook,2012,http://www.imdb.com/title/tt1045658/?ref_=fn_tt_tt_1,tt1045658
167,Skyfall,2012,http://www.imdb.com/title/tt1074638/?ref_=fn_tt_tt_1,tt1074638
168,Now You See Me,2013,http://www.imdb.com/title/tt1670345/?ref_=fn_tt_tt_1,tt1670345
169,1917,2019,http://www.imdb.com/title/tt8579674/?ref_=fn_tt_tt_1,tt8579674
170,Apocalypse Now,1979,http://www.imdb.com/title/tt0078788/?ref_=fn_tt_tt_1,tt0078788
171,Trainspotting,1996,http://www.imdb.com/title/tt0117951/?ref_=fn_tt_tt_1,tt0117951
174,Million Dollar Baby,2004,http://www.imdb.com/title/tt0405159/?ref_=fn_tt_tt_1,tt0405159
177,Drive,2011,http://www.imdb.com/title/tt0780504/?ref_=fn_tt_tt_1,tt0780504
178,La La Land,2016,http://www.imdb.com/title/tt3783958/?ref_=fn_tt_tt_1,tt3783958
182,District 9,2009,http://www.imdb.com/title/tt1136608/?ref_=fn_tt_tt_1,tt1136608
184,Pan's Labyrinth,2006,http://www.imdb.com/title/tt0457430/?ref_=fn_tt_tt_1,tt0457430
185,The Curious Case of Benjamin Button,2008,http://www.imdb.com/title/tt0421715/?ref_=fn_tt_tt_1,tt0421715
186,Casino Royale,2006,http://www.imdb.com/title/tt0381061/?ref_=fn_tt_tt_1,tt0381061
188,Home Alone,1990,http://www.imdb.com/title/tt0099785/?ref_=fn_tt_tt_1,tt0099785
191,Groundhog Day,1993,http://www.imdb.com/title/tt0107048/?ref_=fn_tt_tt_1,tt0107048
192,Jaws,1975,http://www.imdb.com/title/tt0073195/?ref_=fn_tt_tt_1,tt0073195
194,The King's Speech,2010,http://www.imdb.com/title/tt1504320/?ref_=fn_tt_tt_1,tt1504320
196,Her,2013,http://www.imdb.com/title/tt1798709/?ref_=fn_tt_tt_1,tt1798709
198,Transformers,2007,http://www.imdb.com/title/tt0418279/?ref_=fn_tt_tt_1,tt0418279
200,Oldboy,2003,http://www.imdb.com/title/tt0364569/?ref_=fn_tt_tt_1,tt0364569
201,Frozen,2013,http://www.imdb.com/title/tt2294629/?ref_=fn_tt_tt_1,tt2294629
203,There Will Be Blood,2007,http://www.imdb.com/title/tt0469494/?ref_=fn_tt_tt_1,tt0469494
205,Coco,2017,http://www.imdb.com/title/tt2380307/?ref_=fn_tt_tt_1,tt2380307
206,Life of Pi,2012,http://www.imdb.com/title/tt0454876/?ref_=fn_tt_tt_1,tt0454876
208,Prometheus,2012,http://www.imdb.com/title/tt1446714/?ref_=fn_tt_tt_1,tt1446714
210,Into the Wild,2007,http://www.imdb.com/title/tt0758758/?ref_=fn_tt_tt_1,tt0758758
212,Superbad,2007,http://www.imdb.com/title/tt0829482/?ref_=fn_tt_tt_1,tt0829482
214,Cast Away,2000,http://www.imdb.com/title/tt0162222/?ref_=fn_tt_tt_1,tt0162222
215,The Notebook,2004,http://www.imdb.com/title/tt0332280/?ref_=fn_tt_tt_1,tt0332280
216,Rocky,1976,http://www.imdb.com/title/tt0075148/?ref_=fn_tt_tt_1,tt0075148
217,Tenet,2020,http://www.imdb.com/title/tt6723592/?ref_=fn_tt_tt_1,tt6723592
219,Green Book,2018,http://www.imdb.com/title/tt6966692/?ref_=fn_tt_tt_1,tt6966692
220,Baby Driver,2017,http://www.imdb.com/title/tt3890160/?ref_=fn_tt_tt_1,tt3890160
224,Zodiac,2007,http://www.imdb.com/title/tt0443706/?ref_=fn_tt_tt_1,tt0443706
225,Taken,2008,http://www.imdb.com/title/tt0936501/?ref_=fn_tt_tt_1,tt0936501
226,Don't Look Up,2021,http://www.imdb.com/title/tt11286314/?ref_=fn_tt_tt_1,tt11286314
229,Barbie,2023,http://www.imdb.com/title/tt1517268/?ref_=fn_tt_tt_1,tt1517268
230,Nightcrawler,2014,http://www.imdb.com/title/tt2872718/?ref_=fn_tt_tt_1,tt2872718
231,Zombieland,2009,http://www.imdb.com/title/tt1156398/?ref_=fn_tt_tt_1,tt1156398
232,Argo,2012,http://www.imdb.com/title/tt1024648/?ref_=fn_tt_tt_1,tt1024648
236,L.A. Confidential,1997,http://www.imdb.com/title/tt0119488/?ref_=fn_tt_tt_1,tt0119488
238,A Quiet Place,2018,http://www.imdb.com/title/tt6644200/?ref_=fn_tt_tt_1,tt6644200
239,Casablanca,1942,http://www.imdb.com/title/tt0034583/?ref_=fn_tt_tt_1,tt0034583
240,Dead Poets Society,1989,http://www.imdb.com/title/tt0097165/?ref_=fn_tt_tt_1,tt0097165
242,Limitless,2011,http://www.imdb.com/title/tt1219289/?ref_=fn_tt_tt_1,tt1219289
243,Independence Day,1996,http://www.imdb.com/title/tt0116629/?ref_=fn_tt_tt_1,tt0116629
245,Bohemian Rhapsody,2018,http://www.imdb.com/title/tt1727824/?ref_=fn_tt_tt_1,tt1727824
247,Ex Machina,2014,http://www.imdb.com/title/tt0470752/?ref_=fn_tt_tt_1,tt0470752
248,Shaun of the Dead,2004,http://www.imdb.com/title/tt0365748/?ref_=fn_tt_tt_1,tt0365748
251,Zootopia,2016,http://www.imdb.com/title/tt2948356/?ref_=fn_tt_tt_1,tt2948356
253,Looper,2012,http://www.imdb.com/title/tt1276104/?ref_=fn_tt_tt_1,tt1276104
254,Everything Everywhere All at Once,2022,http://www.imdb.com/title/tt6710474/?ref_=fn_tt_tt_1,tt6710474
255,Blood Diamond,2006,http://www.imdb.com/title/tt0450259/?ref_=fn_tt_tt_1,tt0450259
256,The Conjuring,2013,http://www.imdb.com/title/tt1457767/?ref_=fn_tt_tt_1,tt1457767
257,Minority Report,2002,http://www.imdb.com/title/tt0181689/?ref_=fn_tt_tt_1,tt0181689
259,Kick-Ass,2010,http://www.imdb.com/title/tt1250777/?ref_=fn_tt_tt_1,tt1250777
260,Split,2016,http://www.imdb.com/title/tt4972582/?ref_=fn_tt_tt_1,tt4972582
261,The Pursuit of Happyness,2006,http://www.imdb.com/title/tt0454921/?ref_=fn_tt_tt_1,tt0454921
262,Casino,1995,http://www.imdb.com/title/tt0112641/?ref_=fn_tt_tt_1,tt0112641
305,Little Miss Sunshine,2006,http://www.imdb.com/title/tt0449059/?ref_=fn_tt_tt_1,tt0449059
306,The Butterfly Effect,2004,http://www.imdb.com/title/tt0289879/?ref_=fn_tt_tt_1,tt0289879
308,It's a Wonderful Life,1946,http://www.imdb.com/title/tt0038650/?ref_=fn_tt_tt_1,tt0038650
310,Big Hero 6,2014,http://www.imdb.com/title/tt2245084/?ref_=fn_tt_tt_1,tt2245084
312,Top Gun,1986,http://www.imdb.com/title/tt0092099/?ref_=fn_tt_tt_1,tt0092099
313,Dallas Buyers Club,2013,http://www.imdb.com/title/tt0790636/?ref_=fn_tt_tt_1,tt0790636
314,28 Days Later,2002,http://www.imdb.com/title/tt0289043/?ref_=fn_tt_tt_1,tt0289043
316,Tangled,2010,http://www.imdb.com/title/tt0398286/?ref_=fn_tt_tt_1,tt0398286
317,The Fifth Element,1997,http://www.imdb.com/title/tt0119116/?ref_=fn_tt_tt_1,tt0119116
319,Ready Player One,2018,http://www.imdb.com/title/tt1677720/?ref_=fn_tt_tt_1,tt1677720
321,The Big Short,2015,http://www.imdb.com/title/tt1596363/?ref_=fn_tt_tt_1,tt1596363
322,Sicario,2015,http://www.imdb.com/title/tt3397884/?ref_=fn_tt_tt_1,tt3397884
324,Spotlight,2015,http://www.imdb.com/title/tt1895587/?ref_=fn_tt_tt_1,tt1895587
325,Cars,2006,http://www.imdb.com/title/tt0317219/?ref_=fn_tt_tt_1,tt0317219
326,Bullet Train,2022,http://www.imdb.com/title/tt12593682/?ref_=fn_tt_tt_1,tt12593682
327,The Devil Wears Prada,2006,http://www.imdb.com/title/tt0458352/?ref_=fn_tt_tt_1,tt0458352
328,Lost in Translation,2003,http://www.imdb.com/title/tt0335266/?ref_=fn_tt_tt_1,tt0335266
329,Warrior,2011,http://www.imdb.com/title/tt1291584/?ref_=fn_tt_tt_1,tt1291584
330,The Help,2011,http://www.imdb.com/title/tt1454029/?ref_=fn_tt_tt_1,tt1454029
336,Mystic River,2003,http://www.imdb.com/title/tt0327056/?ref_=fn_tt_tt_1,tt0327056
339,Captain Phillips,2013,http://www.imdb.com/title/tt1535109/?ref_=fn_tt_tt_1,tt1535109
340,American Hustle,2013,http://www.imdb.com/title/tt1800241/?ref_=fn_tt_tt_1,tt1800241
343,Training Day,2001,http://www.imdb.com/title/tt0139654/?ref_=fn_tt_tt_1,tt0139654
345,Howl's Moving Castle,2004,http://www.imdb.com/title/tt0347149/?ref_=fn_tt_tt_1,tt0347149
349,Moneyball,2011,http://www.imdb.com/title/tt1210166/?ref_=fn_tt_tt_1,tt1210166
350,The Theory of Everything,2014,http://www.imdb.com/title/tt2980516/?ref_=fn_tt_tt_1,tt2980516
352,Gangs of New York,2002,http://www.imdb.com/title/tt0217505/?ref_=fn_tt_tt_1,tt0217505
354,The Last Samurai,2003,http://www.imdb.com/title/tt0325710/?ref_=fn_tt_tt_1,tt0325710
357,The Mummy,1999,http://www.imdb.com/title/tt0120616/?ref_=fn_tt_tt_1,tt0120616
359,Predator,1987,http://www.imdb.com/title/tt0093773/?ref_=fn_tt_tt_1,tt0093773
360,Aladdin,1992,http://www.imdb.com/title/tt0103639/?ref_=fn_tt_tt_1,tt0103639
361,The Exorcist,1973,http://www.imdb.com/title/tt0070047/?ref_=fn_tt_tt_1,tt0070047
362,Wreck-It Ralph,2012,http://www.imdb.com/title/tt1772341/?ref_=fn_tt_tt_1,tt1772341
363,The Menu,2022,http://www.imdb.com/title/tt9764362/?ref_=fn_tt_tt_1,tt9764362
364,The Hurt Locker,2008,http://www.imdb.com/title/tt0887912/?ref_=fn_tt_tt_1,tt0887912
365,Scott Pilgrim vs. the World,2010,http://www.imdb.com/title/tt0446029/?ref_=fn_tt_tt_1,tt0446029
367,Passengers,2016,http://www.imdb.com/title/tt1355644/?ref_=fn_tt_tt_1,tt1355644
369,Citizen Kane,1941,http://www.imdb.com/title/tt0033467/?ref_=fn_tt_tt_1,tt0033467
370,In Bruges,2008,http://www.imdb.com/title/tt0780536/?ref_=fn_tt_tt_1,tt0780536
372,Elysium,2013,http://www.imdb.com/title/tt1535108/?ref_=fn_tt_tt_1,tt1535108
374,Tropic Thunder,2008,http://www.imdb.com/title/tt0942385/?ref_=fn_tt_tt_1,tt0942385
376,Free Guy,2021,http://www.imdb.com/title/tt6264654/?ref_=fn_tt_tt_1,tt6264654
377,Jojo Rabbit,2019,http://www.imdb.com/title/tt2584384/?ref_=fn_tt_tt_1,tt2584384
379,Stand by Me,1986,http://www.imdb.com/title/tt0092005/?ref_=fn_tt_tt_1,tt0092005
381,Ghostbusters,1984,http://www.imdb.com/title/tt0087332/?ref_=fn_tt_tt_1,tt0087332
382,The Princess Bride,1987,http://www.imdb.com/title/tt0093779/?ref_=fn_tt_tt_1,tt0093779
384,Mean Girls,2004,http://www.imdb.com/title/tt0377092/?ref_=fn_tt_tt_1,tt0377092
386,In Time,2011,http://www.imdb.com/title/tt1637688/?ref_=fn_tt_tt_1,tt1637688
388,Midsommar,2019,http://www.imdb.com/title/tt8772262/?ref_=fn_tt_tt_1,tt8772262
389,3 Idiots,2009,http://www.imdb.com/title/tt1187043/?ref_=fn_tt_tt_1,tt1187043
390,Room,2015,http://www.imdb.com/title/tt3170832/?ref_=fn_tt_tt_1,tt3170832
392,Madagascar,2005,http://www.imdb.com/title/tt0351283/?ref_=fn_tt_tt_1,tt0351283
